"Items","","",""
"1","GEM REF GRDN-70HSWP","1 NO"
"2","Godrej REF RD EDGE 205AN THF WF WN03945","2 NO"
"3","GODREJ REF EDGE 205AN THF BR WN03851","2 NO"
"4","GODREJ REF EIMPRESS 215E TDIE IC BL","1 NO"
"5","GODREJ REF EIMPRESS 215E TDIE PK BK - 03747","1 NO"
"6","GODREJ REF EIMPRESS 215E TDIE TR BK","2 NO"
"7","GODREJ REF RD EDGEPRO 210E TAI PC BL - 03285","1 NO"
"8","GODREJ REF RD EMARVEL 207E THI AR BL-02880","1 NO"
"9","GODREJ REF RDEDGEJAZZ 207C TRF LS RD-02781","1 NO"
"10","HAIER REF HRD-2051SMFA-P","1 NO"
"11","HAIER REF HRD-2051SRFA-P","1 NO"
"12","HAIER REF HRD-2103PDG-P","2 NO"
"13","HAIER REF HRD-2103PSG-P","1 NO"
"14","HAIER REF HRD-2105PRH-P","1 NO"
"15","HAIER REF HRD 2105EPRI-P","1 NO"
"16","IFB REF Advance Cool IFBDC-213CIIG","1 NO"
"17","IFB REF ADVANCE COOL DC-213DISG","1 NO"
"18","IFB REF ADVANCECOOL DC-223EIKG","1 NO"
"19","IFB REF ADVANCECOOL DC-277CIBA","1 NO"
"20","LG REF- B231ASLD","1 NO"
"21","LG REF - B211 HSMD","1 NO"
"22","LG REF - B211HRWD","2 NO"
"23","LG REF -B201APBD","1 NO"
"24","LG REF -B211HSLD","1 NO"
"25","LG REF -B231AELD","1 NO"
"26","LG REF B201 ASBD","2 NO"
"27","LG REF B241ARWD DRWZEBN","1 NO"
"28","LG REF D201ASBD","1 NO"
"29","LG REF D241 APZU","1 NO"
"30","LIEBHERR REF DBS 2230-20","1 NO"
"31","LIEBHERR REF DFPPSC 1931 21","1 NO"
"32","LIEBHERR REF DFPRDB 1931 21","1 NO"
"33","LIEBHERR REF DFPRHC 1931 21","1 NO"
"34","LIEBHERR REF DNCRWB 1901 20","1 NO"
"35","SAMSUNG REF RR24C2823CR/NL","1 NO"
"36","SHARP REF SJ-DF207N2-GKG","1 NO"
"37","SHARP REF SJ-DF207N2-GMP","1 NO"
"38","SHARP REF SJ-DF225N2-GKY","1 NO"
"39","SHARP REF SJ-G19ST-MR","1 NO"
"40","SHARP REF SJ-MRW101N2-PSS","2 NO"
"41","Whirlpool Ref 215 IMPRO ROY 3S WINE SILK -Y73680","1 NO"
"42","Whirlpool Ref 230 IMPRO PRM 3S Wine Breeze73887","1 NO"
"43","Whirlpool Ref 230IMPRO PRM 3S Sapphire Breeze73888","1 NO"
"44","Whirlpool Ref 260IMPRO PlusPRM3Ssaphirevelvet73749","1 NO"
"45","Whirlpool Ref IFPROINVCNV355GDCAVESTONE2S-22416","1 NO"
"46","Whirlpoool Ref 305IMPRO PLUS PRM 3S Alpha STEL73775","1 NO"
"47","WHIRLPOOL REF 205 IMPWCOOL PRM 3S(GE)-70727","1 NO"
"48","WHIRLPOOL REF 205 IMPWCOOL PRM 3S(SE)-70729","1 NO"
"49","WHIRLPOOL REF 215 IMPC PRM 4S INV ALPHA STEEL-71226","1 NO"
"50","WHIRLPOOL REF 215 IMPRO GD PRM 5S INV RUBY73651","1 NO"
"51","WHIRLPOOL REF 215 IMPRO PRM 3S COOL ILLUSIA-Z 72568","1 NO"
"52","WHIRLPOOL REF 215 IMPRO ROY 4S INV COOL ILLUSIA-71641","1 NO"
"53","WHIRLPOOL REF 215IMPC ROY 3S PURPLE MULIA-Z-72759","1 NO"
"54","WHIRLPOOL REF 215IMPRO GD PRM 3S KARIGARI 73644","1 NO"
"55","WHIRLPOOL REF 215IMPRO PRM5S INV SAPPHIR73670","1 NO"
"56","WHIRLPOOL REF 215IMPROGDPRM3SCRYSTALB-73643","2 NO"
"57","WHIRLPOOL REF 230IMPRO GD PRM 5S INV RUBY - 73483","1 NO"
"58","WHIRLPOOL REF 230IMPRO PRM 3S WINE SILK-73723","1 NO"
"59","WHIRLPOOL REF 230IMPRO PRM 5S ALPHASTEL72724","1 NO"
"60","WHIRLPOOL REF NEO278GDPRMCRYSTALBLACK-22328","1 NO"
"61","WHIRLPOOL REF215IMPRO PRM 5SINVWINE-73671","1 NO"
"62","WHIRLPOOL REF230 VMPRO PRM 4S INV PURPLE ELECTRA-71187","1 NO"
,,
,,
,,
